player,image
Anthony Davis,http://a.espncdn.com/combiner/i?img=/i/headshots/nba/players/full/6583.png&w=350&h=254
Chris Paul,http://a.espncdn.com/combiner/i?img=/i/headshots/nba/players/full/2779.png&w=350&h=254
DeAndre Jordan,http://a.espncdn.com/combiner/i?img=/i/headshots/nba/players/full/3442.png&w=350&h=254
DeMar DeRozan,http://a.espncdn.com/combiner/i?img=/i/headshots/nba/players/full/3978.png&w=350&h=254
DeMarcus Cousins,http://a.espncdn.com/combiner/i?img=/i/headshots/nba/players/full/4258.png&w=350&h=254
Giannis Antetokounmpo,http://a.espncdn.com/combiner/i?img=/i/headshots/nba/players/full/3032977.png&w=350&h=254
Isaiah Thomas,http://a.espncdn.com/combiner/i?img=/i/headshots/nba/players/full/6472.png&w=350&h=254
Jimmy Butler,http://a.espncdn.com/combiner/i?img=/i/headshots/nba/players/full/6430.png&w=350&h=254
Kawhi Leonard,http://a.espncdn.com/combiner/i?img=/i/headshots/nba/players/full/6450.png&w=350&h=254
Kevin Love,http://a.espncdn.com/combiner/i?img=/i/headshots/nba/players/full/3449.png&w=350&h=254
LeBron James,http://a.espncdn.com/combiner/i?img=/i/headshots/nba/players/full/1966.png&w=350&h=254
Russell Westbrook,http://a.espncdn.com/combiner/i?img=/i/headshots/nba/players/full/3468.png&w=350&h=254
Draymond Green,http://a.espncdn.com/combiner/i?img=/i/headshots/nba/players/full/6589.png&w=350&h=254
Gordon Hayward,http://a.espncdn.com/combiner/i?img=/i/headshots/nba/players/full/4249.png&w=350&h=254
James Harden,http://a.espncdn.com/combiner/i?img=/i/headshots/nba/players/full/3992.png&w=350&h=254
Karl-Anthony Towns,http://a.espncdn.com/combiner/i?img=/i/headshots/nba/players/full/3136195.png&w=350&h=254
Kevin Durant,http://a.espncdn.com/combiner/i?img=/i/headshots/nba/players/full/3202.png&w=350&h=254
Kyle Lowry,http://a.espncdn.com/combiner/i?img=/i/headshots/nba/players/full/3012.png&w=350&h=254
Rudy Gobert,http://a.espncdn.com/combiner/i?img=/i/headshots/nba/players/full/3032976.png&w=350&h=254
Stephen Curry,http://a.espncdn.com/combiner/i?img=/i/headshots/nba/players/full/3975.png&w=350&h=254
Otto Porter,http://a.espncdn.com/combiner/i?img=/i/headshots/nba/players/full/2594922.png&w=350&h=254
Damian Lillard,http://a.espncdn.com/combiner/i?img=/i/headshots/nba/players/full/6606.png&w=350&h=254
Kemba Walker,http://a.espncdn.com/combiner/i?img=/i/headshots/nba/players/full/6479.png&w=350&h=254
Dwight Howard,http://a.espncdn.com/combiner/i?img=/i/headshots/nba/players/full/2384.png&w=350&h=254
Marc Gasol,http://a.espncdn.com/combiner/i?img=/i/headshots/nba/players/full/3206.png&w=350&h=254
Kyrie Irving,http://a.espncdn.com/combiner/i?img=/i/headshots/nba/players/full/6442.png&w=350&h=254
LaMarcus Aldridge,http://a.espncdn.com/combiner/i?img=/i/headshots/nba/players/full/2983.png&w=350&h=254
John Wall,http://a.espncdn.com/combiner/i?img=/i/headshots/nba/players/full/4237.png&w=350&h=254
Trevor Ariza,http://a.espncdn.com/combiner/i?img=/i/headshots/nba/players/full/2426.png&w=350&h=254
Enes Kanter,http://a.espncdn.com/combiner/i?img=/i/headshots/nba/players/full/6447.png&w=350&h=254
Hassan Whiteside,http://a.espncdn.com/combiner/i?img=/i/headshots/nba/players/full/4262.png&w=350&h=254
Steven Adams,http://a.espncdn.com/combiner/i?img=/i/headshots/nba/players/full/2991235.png&w=350&h=254
Myles Turner,http://a.espncdn.com/combiner/i?img=/i/headshots/nba/players/full/3133628.png&w=350&h=254
Jabari Parker,http://a.espncdn.com/combiner/i?img=/i/headshots/nba/players/full/3056600.png&w=350&h=254
Tristan Thompson,http://a.espncdn.com/combiner/i?img=/i/headshots/nba/players/full/6474.png&w=350&h=254
Andre Drummond,http://a.espncdn.com/combiner/i?img=/i/headshots/nba/players/full/6585.png&w=350&h=254
Nikola Jokic,http://a.espncdn.com/combiner/i?img=/i/headshots/nba/players/full/3112335.png&w=350&h=254
Jonas Valanciunas,http://a.espncdn.com/combiner/i?img=/i/headshots/nba/players/full/6477.png&w=350&h=254
Bradley Beal,http://a.espncdn.com/combiner/i?img=/i/headshots/nba/players/full/6580.png&w=350&h=254
Jeff Teague,http://a.espncdn.com/combiner/i?img=/i/headshots/nba/players/full/4015.png&w=350&h=254
Pau Gasol,http://a.espncdn.com/combiner/i?img=/i/headshots/nba/players/full/996.png&w=350&h=254
Paul Millsap,http://a.espncdn.com/combiner/i?img=/i/headshots/nba/players/full/3015.png&w=350&h=254
Eric Bledsoe,http://a.espncdn.com/combiner/i?img=/i/headshots/nba/players/full/4238.png&w=350&h=254
Tobias Harris,http://a.espncdn.com/combiner/i?img=/i/headshots/nba/players/full/6440.png&w=350&h=254
Marcin Gortat,http://a.espncdn.com/combiner/i?img=/i/headshots/nba/players/full/2758.png&w=350&h=254
Mason Plumlee,http://a.espncdn.com/combiner/i?img=/i/headshots/nba/players/full/2488653.png&w=350&h=254
Ryan Anderson,http://a.espncdn.com/combiner/i?img=/i/headshots/nba/players/full/3412.png&w=350&h=254
Danilo Gallinari,http://a.espncdn.com/combiner/i?img=/i/headshots/nba/players/full/3428.png&w=350&h=254
Richard Jefferson,http://a.espncdn.com/combiner/i?img=/i/headshots/nba/players/full/1006.png&w=350&h=254
Joe Johnson,http://a.espncdn.com/combiner/i?img=/i/headshots/nba/players/full/1007.png&w=350&h=254
Zach Randolph,http://a.espncdn.com/combiner/i?img=/i/headshots/nba/players/full/1017.png&w=350&h=254
Vince Carter,http://a.espncdn.com/combiner/i?img=/i/headshots/nba/players/full/136.png&w=350&h=254
Jamal Crawford,http://a.espncdn.com/combiner/i?img=/i/headshots/nba/players/full/165.png&w=350&h=254
Matt Barnes,http://a.espncdn.com/combiner/i?img=/i/headshots/nba/players/full/1765.png&w=350&h=254
Carmelo Anthony,http://a.espncdn.com/combiner/i?img=/i/headshots/nba/players/full/1975.png&w=350&h=254
Dwyane Wade,http://a.espncdn.com/combiner/i?img=/i/headshots/nba/players/full/1987.png&w=350&h=254
Kyle Korver,http://a.espncdn.com/combiner/i?img=/i/headshots/nba/players/full/2011.png&w=350&h=254
Zaza Pachulia,http://a.espncdn.com/combiner/i?img=/i/headshots/nba/players/full/2016.png&w=350&h=254
Leandro Barbosa,http://a.espncdn.com/combiner/i?img=/i/headshots/nba/players/full/2166.png&w=350&h=254
Boris Diaw,http://a.espncdn.com/combiner/i?img=/i/headshots/nba/players/full/2167.png&w=350&h=254
David West,http://a.espncdn.com/combiner/i?img=/i/headshots/nba/players/full/2177.png&w=350&h=254
Malcolm Delaney,http://a.espncdn.com/combiner/i?img=/i/headshots/nba/players/full/2282205.png&w=350&h=254
Justin Holiday,http://a.espncdn.com/combiner/i?img=/i/headshots/nba/players/full/2284101.png&w=350&h=254
Willie Reed,http://a.espncdn.com/combiner/i?img=/i/headshots/nba/players/full/2326015.png&w=350&h=254
Seth Curry,http://a.espncdn.com/combiner/i?img=/i/headshots/nba/players/full/2326307.png&w=350&h=254
JaMychal Green,http://a.espncdn.com/combiner/i?img=/i/headshots/nba/players/full/2327577.png&w=350&h=254
Tony Allen,http://a.espncdn.com/combiner/i?img=/i/headshots/nba/players/full/2367.png&w=350&h=254
Andre Iguodala,http://a.espncdn.com/combiner/i?img=/i/headshots/nba/players/full/2386.png&w=350&h=254
Al Jefferson,http://a.espncdn.com/combiner/i?img=/i/headshots/nba/players/full/2389.png&w=350&h=254
Shaun Livingston,http://a.espncdn.com/combiner/i?img=/i/headshots/nba/players/full/2393.png&w=350&h=254
Kris Humphries,http://a.espncdn.com/combiner/i?img=/i/headshots/nba/players/full/2433.png&w=350&h=254
Jameer Nelson,http://a.espncdn.com/combiner/i?img=/i/headshots/nba/players/full/2439.png&w=350&h=254
Sean Kilpatrick,http://a.espncdn.com/combiner/i?img=/i/headshots/nba/players/full/2488689.png&w=350&h=254
Rodney McGruder,http://a.espncdn.com/combiner/i?img=/i/headshots/nba/players/full/2488826.png&w=350&h=254
Tim Frazier,http://a.espncdn.com/combiner/i?img=/i/headshots/nba/players/full/2488945.png&w=350&h=254
Solomon Hill,http://a.espncdn.com/combiner/i?img=/i/headshots/nba/players/full/2488958.png&w=350&h=254
Troy Daniels,http://a.espncdn.com/combiner/i?img=/i/headshots/nba/players/full/2489530.png&w=350&h=254
Kelly Olynyk,http://a.espncdn.com/combiner/i?img=/i/headshots/nba/players/full/2489663.png&w=350&h=254
Matthew Dellavedova,http://a.espncdn.com/combiner/i?img=/i/headshots/nba/players/full/2489716.png&w=350&h=254
Ian Clark,http://a.espncdn.com/combiner/i?img=/i/headshots/nba/players/full/2489785.png&w=350&h=254
Mike Muscala,http://a.espncdn.com/combiner/i?img=/i/headshots/nba/players/full/2490089.png&w=350&h=254
Victor Oladipo,http://a.espncdn.com/combiner/i?img=/i/headshots/nba/players/full/2527963.png&w=350&h=254
Tony Snell,http://a.espncdn.com/combiner/i?img=/i/headshots/nba/players/full/2528353.png&w=350&h=254
Joe Harris,http://a.espncdn.com/combiner/i?img=/i/headshots/nba/players/full/2528794.png&w=350&h=254
Tyler Johnson,http://a.espncdn.com/combiner/i?img=/i/headshots/nba/players/full/2530276.png&w=350&h=254
Langston Galloway,http://a.espncdn.com/combiner/i?img=/i/headshots/nba/players/full/2530572.png&w=350&h=254
Andre Roberson,http://a.espncdn.com/combiner/i?img=/i/headshots/nba/players/full/2530596.png&w=350&h=254
Jerian Grant,http://a.espncdn.com/combiner/i?img=/i/headshots/nba/players/full/2531047.png&w=350&h=254
Allen Crabbe,http://a.espncdn.com/combiner/i?img=/i/headshots/nba/players/full/2531210.png&w=350&h=254
Dwight Powell,http://a.espncdn.com/combiner/i?img=/i/headshots/nba/players/full/2531367.png&w=350&h=254
Gorgui Dieng,http://a.espncdn.com/combiner/i?img=/i/headshots/nba/players/full/2534781.png&w=350&h=254
Malcolm Brogdon,http://a.espncdn.com/combiner/i?img=/i/headshots/nba/players/full/2566769.png&w=350&h=254
Dorian Finney-Smith,http://a.espncdn.com/combiner/i?img=/i/headshots/nba/players/full/2578185.png&w=350&h=254
Cody Zeller,http://a.espncdn.com/combiner/i?img=/i/headshots/nba/players/full/2579258.png&w=350&h=254
Trey Burke,http://a.espncdn.com/combiner/i?img=/i/headshots/nba/players/full/2579260.png&w=350&h=254
Frank Kaminsky,http://a.espncdn.com/combiner/i?img=/i/headshots/nba/players/full/2579294.png&w=350&h=254
Jonathon Simmons,http://a.espncdn.com/combiner/i?img=/i/headshots/nba/players/full/2579466.png&w=350&h=254
Dewayne Dedmon,http://a.espncdn.com/combiner/i?img=/i/headshots/nba/players/full/2580913.png&w=350&h=254
Kentavious Caldwell-Pope,http://a.espncdn.com/combiner/i?img=/i/headshots/nba/players/full/2581018.png&w=350&h=254
Rodney Hood,http://a.espncdn.com/combiner/i?img=/i/headshots/nba/players/full/2581177.png&w=350&h=254
Elfrid Payton,http://a.espncdn.com/combiner/i?img=/i/headshots/nba/players/full/2583639.png&w=350&h=254
Norman Powell,http://a.espncdn.com/combiner/i?img=/i/headshots/nba/players/full/2595516.png&w=350&h=254
Alex Len,http://a.espncdn.com/combiner/i?img=/i/headshots/nba/players/full/2596107.png&w=350&h=254
Manu Ginobili,http://a.espncdn.com/combiner/i?img=/i/headshots/nba/players/full/272.png&w=350&h=254
Monta Ellis,http://a.espncdn.com/combiner/i?img=/i/headshots/nba/players/full/2751.png&w=350&h=254
Raymond Felton,http://a.espncdn.com/combiner/i?img=/i/headshots/nba/players/full/2753.png&w=350&h=254
Channing Frye,http://a.espncdn.com/combiner/i?img=/i/headshots/nba/players/full/2754.png&w=350&h=254
Amir Johnson,http://a.espncdn.com/combiner/i?img=/i/headshots/nba/players/full/2769.png&w=350&h=254
David Lee,http://a.espncdn.com/combiner/i?img=/i/headshots/nba/players/full/2772.png&w=350&h=254
Marvin Williams,http://a.espncdn.com/combiner/i?img=/i/headshots/nba/players/full/2797.png&w=350&h=254
Deron Williams,http://a.espncdn.com/combiner/i?img=/i/headshots/nba/players/full/2798.png&w=350&h=254
Joffrey Lauvergne,http://a.espncdn.com/combiner/i?img=/i/headshots/nba/players/full/2959753.png&w=350&h=254
Joe Ingles,http://a.espncdn.com/combiner/i?img=/i/headshots/nba/players/full/2968436.png&w=350&h=254
Aron Baynes,http://a.espncdn.com/combiner/i?img=/i/headshots/nba/players/full/2968439.png&w=350&h=254
Salah Mejri,http://a.espncdn.com/combiner/i?img=/i/headshots/nba/players/full/2968458.png&w=350&h=254
Justin Anderson,http://a.espncdn.com/combiner/i?img=/i/headshots/nba/players/full/2982340.png&w=350&h=254
Semaj Christon,http://a.espncdn.com/combiner/i?img=/i/headshots/nba/players/full/2983526.png&w=350&h=254
Buddy Hield,http://a.espncdn.com/combiner/i?img=/i/headshots/nba/players/full/2990984.png&w=350&h=254
Marcus Smart,http://a.espncdn.com/combiner/i?img=/i/headshots/nba/players/full/2990992.png&w=350&h=254
Montrezl Harrell,http://a.espncdn.com/combiner/i?img=/i/headshots/nba/players/full/2991055.png&w=350&h=254
Kris Dunn,http://a.espncdn.com/combiner/i?img=/i/headshots/nba/players/full/2991139.png&w=350&h=254
Sam Dekker,http://a.espncdn.com/combiner/i?img=/i/headshots/nba/players/full/2991184.png&w=350&h=254
Willie Cauley-Stein,http://a.espncdn.com/combiner/i?img=/i/headshots/nba/players/full/2991282.png&w=350&h=254
Kyle Anderson,http://a.espncdn.com/combiner/i?img=/i/headshots/nba/players/full/2993874.png&w=350&h=254
Shabazz Muhammad,http://a.espncdn.com/combiner/i?img=/i/headshots/nba/players/full/2993875.png&w=350&h=254
Alex Abrines,http://a.espncdn.com/combiner/i?img=/i/headshots/nba/players/full/2995702.png&w=350&h=254
Rajon Rondo,http://a.espncdn.com/combiner/i?img=/i/headshots/nba/players/full/3026.png&w=350&h=254
Thabo Sefolosha,http://a.espncdn.com/combiner/i?img=/i/headshots/nba/players/full/3028.png&w=350&h=254
Lucas Nogueira,http://a.espncdn.com/combiner/i?img=/i/headshots/nba/players/full/3032980.png&w=350&h=254
Andrew Wiggins,http://a.espncdn.com/combiner/i?img=/i/headshots/nba/players/full/3059319.png&w=350&h=254
Aaron Gordon,http://a.espncdn.com/combiner/i?img=/i/headshots/nba/players/full/3064290.png&w=350&h=254
Rondae Hollis-Jefferson,http://a.espncdn.com/combiner/i?img=/i/headshots/nba/players/full/3064291.png&w=350&h=254
Zach LaVine,http://a.espncdn.com/combiner/i?img=/i/headshots/nba/players/full/3064440.png&w=350&h=254
Andrew Harrison,http://a.espncdn.com/combiner/i?img=/i/headshots/nba/players/full/3064511.png&w=350&h=254
Jarell Martin,http://a.espncdn.com/combiner/i?img=/i/headshots/nba/players/full/3064517.png&w=350&h=254
Terry Rozier,http://a.espncdn.com/combiner/i?img=/i/headshots/nba/players/full/3074752.png&w=350&h=254
Noah Vonleh,http://a.espncdn.com/combiner/i?img=/i/headshots/nba/players/full/3078284.png&w=350&h=254
Dante Exum,http://a.espncdn.com/combiner/i?img=/i/headshots/nba/players/full/3102528.png&w=350&h=254
Jusuf Nurkic,http://a.espncdn.com/combiner/i?img=/i/headshots/nba/players/full/3102530.png&w=350&h=254
Kristaps Porzingis,http://a.espncdn.com/combiner/i?img=/i/headshots/nba/players/full/3102531.png&w=350&h=254
Cristiano Felicio,http://a.espncdn.com/combiner/i?img=/i/headshots/nba/players/full/3113587.png&w=350&h=254
Kelly Oubre,http://a.espncdn.com/combiner/i?img=/i/headshots/nba/players/full/3133603.png&w=350&h=254
Stanley Johnson,http://a.espncdn.com/combiner/i?img=/i/headshots/nba/players/full/3134881.png&w=350&h=254
Devin Booker,http://a.espncdn.com/combiner/i?img=/i/headshots/nba/players/full/3136193.png&w=350&h=254
Trey Lyles,http://a.espncdn.com/combiner/i?img=/i/headshots/nba/players/full/3136196.png&w=350&h=254
Isaiah Whitehead,http://a.espncdn.com/combiner/i?img=/i/headshots/nba/players/full/3136477.png&w=350&h=254
Mindaugas Kuzminskas,http://a.espncdn.com/combiner/i?img=/i/headshots/nba/players/full/3138120.png&w=350&h=254
Pascal Siakam,http://a.espncdn.com/combiner/i?img=/i/headshots/nba/players/full/3149673.png&w=350&h=254
Domantas Sabonis,http://a.espncdn.com/combiner/i?img=/i/headshots/nba/players/full/3155942.png&w=350&h=254
Arron Afflalo,http://a.espncdn.com/combiner/i?img=/i/headshots/nba/players/full/3187.png&w=350&h=254
Marco Belinelli,http://a.espncdn.com/combiner/i?img=/i/headshots/nba/players/full/3190.png&w=350&h=254
Corey Brewer,http://a.espncdn.com/combiner/i?img=/i/headshots/nba/players/full/3191.png&w=350&h=254
Aaron Brooks,http://a.espncdn.com/combiner/i?img=/i/headshots/nba/players/full/3192.png&w=350&h=254
Wilson Chandler,http://a.espncdn.com/combiner/i?img=/i/headshots/nba/players/full/3194.png&w=350&h=254
Jeff Green,http://a.espncdn.com/combiner/i?img=/i/headshots/nba/players/full/3209.png&w=350&h=254
Joakim Noah,http://a.espncdn.com/combiner/i?img=/i/headshots/nba/players/full/3224.png&w=350&h=254
Ramon Sessions,http://a.espncdn.com/combiner/i?img=/i/headshots/nba/players/full/3231.png&w=350&h=254
Jason Smith,http://a.espncdn.com/combiner/i?img=/i/headshots/nba/players/full/3232.png&w=350&h=254
Thaddeus Young,http://a.espncdn.com/combiner/i?img=/i/headshots/nba/players/full/3244.png&w=350&h=254
Nicolas Batum,http://a.espncdn.com/combiner/i?img=/i/headshots/nba/players/full/3416.png&w=350&h=254
Michael Beasley,http://a.espncdn.com/combiner/i?img=/i/headshots/nba/players/full/3418.png&w=350&h=254
Goran Dragic,http://a.espncdn.com/combiner/i?img=/i/headshots/nba/players/full/3423.png&w=350&h=254
Eric Gordon,http://a.espncdn.com/combiner/i?img=/i/headshots/nba/players/full/3431.png&w=350&h=254
Roy Hibbert,http://a.espncdn.com/combiner/i?img=/i/headshots/nba/players/full/3436.png&w=350&h=254
Serge Ibaka,http://a.espncdn.com/combiner/i?img=/i/headshots/nba/players/full/3439.png&w=350&h=254
Kosta Koufos,http://a.espncdn.com/combiner/i?img=/i/headshots/nba/players/full/3444.png&w=350&h=254
Courtney Lee,http://a.espncdn.com/combiner/i?img=/i/headshots/nba/players/full/3445.png&w=350&h=254
Robin Lopez,http://a.espncdn.com/combiner/i?img=/i/headshots/nba/players/full/3447.png&w=350&h=254
Brook Lopez,http://a.espncdn.com/combiner/i?img=/i/headshots/nba/players/full/3448.png&w=350&h=254
Luc Mbah a Moute,http://a.espncdn.com/combiner/i?img=/i/headshots/nba/players/full/3451.png&w=350&h=254
JaVale McGee,http://a.espncdn.com/combiner/i?img=/i/headshots/nba/players/full/3452.png&w=350&h=254
Derrick Rose,http://a.espncdn.com/combiner/i?img=/i/headshots/nba/players/full/3456.png&w=350&h=254
Marreese Speights,http://a.espncdn.com/combiner/i?img=/i/headshots/nba/players/full/3460.png&w=350&h=254
Bojan Bogdanovic,http://a.espncdn.com/combiner/i?img=/i/headshots/nba/players/full/3593.png&w=350&h=254
Emmanuel Mudiay,http://a.espncdn.com/combiner/i?img=/i/headshots/nba/players/full/3892818.png&w=350&h=254
Marquese Chriss,http://a.espncdn.com/combiner/i?img=/i/headshots/nba/players/full/3907487.png&w=350&h=254
Jaylen Brown,http://a.espncdn.com/combiner/i?img=/i/headshots/nba/players/full/3917376.png&w=350&h=254
Jamal Murray,http://a.espncdn.com/combiner/i?img=/i/headshots/nba/players/full/3936299.png&w=350&h=254
DeMarre Carroll,http://a.espncdn.com/combiner/i?img=/i/headshots/nba/players/full/3970.png&w=350&h=254
Darren Collison,http://a.espncdn.com/combiner/i?img=/i/headshots/nba/players/full/3973.png&w=350&h=254
Taj Gibson,http://a.espncdn.com/combiner/i?img=/i/headshots/nba/players/full/3986.png&w=350&h=254
Danny Green,http://a.espncdn.com/combiner/i?img=/i/headshots/nba/players/full/3988.png&w=350&h=254
Brandon Jennings,http://a.espncdn.com/combiner/i?img=/i/headshots/nba/players/full/3997.png&w=350&h=254
Jonas Jerebko,http://a.espncdn.com/combiner/i?img=/i/headshots/nba/players/full/3998.png&w=350&h=254
James Johnson,http://a.espncdn.com/combiner/i?img=/i/headshots/nba/players/full/3999.png&w=350&h=254
Ty Lawson,http://a.espncdn.com/combiner/i?img=/i/headshots/nba/players/full/4000.png&w=350&h=254
Ricky Rubio,http://a.espncdn.com/combiner/i?img=/i/headshots/nba/players/full/4011.png&w=350&h=254
Dragan Bender,http://a.espncdn.com/combiner/i?img=/i/headshots/nba/players/full/4011991.png&w=350&h=254
Marcus Thornton,http://a.espncdn.com/combiner/i?img=/i/headshots/nba/players/full/4017.png&w=350&h=254
Garrett Temple,http://a.espncdn.com/combiner/i?img=/i/headshots/nba/players/full/4023.png&w=350&h=254
Wesley Matthews,http://a.espncdn.com/combiner/i?img=/i/headshots/nba/players/full/4032.png&w=350&h=254
Evan Turner,http://a.espncdn.com/combiner/i?img=/i/headshots/nba/players/full/4239.png&w=350&h=254
Avery Bradley,http://a.espncdn.com/combiner/i?img=/i/headshots/nba/players/full/4240.png&w=350&h=254
Wesley Johnson,http://a.espncdn.com/combiner/i?img=/i/headshots/nba/players/full/4247.png&w=350&h=254
Luke Babbitt,http://a.espncdn.com/combiner/i?img=/i/headshots/nba/players/full/4250.png&w=350&h=254
Paul George,http://a.espncdn.com/combiner/i?img=/i/headshots/nba/players/full/4251.png&w=350&h=254
Ed Davis,http://a.espncdn.com/combiner/i?img=/i/headshots/nba/players/full/4259.png&w=350&h=254
Greg Monroe,http://a.espncdn.com/combiner/i?img=/i/headshots/nba/players/full/4260.png&w=350&h=254
Patrick Patterson,http://a.espncdn.com/combiner/i?img=/i/headshots/nba/players/full/4264.png&w=350&h=254
Cole Aldrich,http://a.espncdn.com/combiner/i?img=/i/headshots/nba/players/full/4267.png&w=350&h=254
Nemanja Bjelica,http://a.espncdn.com/combiner/i?img=/i/headshots/nba/players/full/4269.png&w=350&h=254
Trevor Booker,http://a.espncdn.com/combiner/i?img=/i/headshots/nba/players/full/4270.png&w=350&h=254
Mirza Teletovic,http://a.espncdn.com/combiner/i?img=/i/headshots/nba/players/full/4385.png&w=350&h=254
Davis Bertans,http://a.espncdn.com/combiner/i?img=/i/headshots/nba/players/full/6426.png&w=350&h=254
Bismack Biyombo,http://a.espncdn.com/combiner/i?img=/i/headshots/nba/players/full/6427.png&w=350&h=254
Kenneth Faried,http://a.espncdn.com/combiner/i?img=/i/headshots/nba/players/full/6433.png&w=350&h=254
Cory Joseph,http://a.espncdn.com/combiner/i?img=/i/headshots/nba/players/full/6446.png&w=350&h=254
Brandon Knight,http://a.espncdn.com/combiner/i?img=/i/headshots/nba/players/full/6448.png&w=350&h=254
Jon Leuer,http://a.espncdn.com/combiner/i?img=/i/headshots/nba/players/full/6452.png&w=350&h=254
DeAndre Liggins,http://a.espncdn.com/combiner/i?img=/i/headshots/nba/players/full/6453.png&w=350&h=254
Shelvin Mack,http://a.espncdn.com/combiner/i?img=/i/headshots/nba/players/full/6454.png&w=350&h=254
Nikola Mirotic,http://a.espncdn.com/combiner/i?img=/i/headshots/nba/players/full/6459.png&w=350&h=254
E'Twaun Moore,http://a.espncdn.com/combiner/i?img=/i/headshots/nba/players/full/6460.png&w=350&h=254
Markieff Morris,http://a.espncdn.com/combiner/i?img=/i/headshots/nba/players/full/6461.png&w=350&h=254
Marcus Morris,http://a.espncdn.com/combiner/i?img=/i/headshots/nba/players/full/6462.png&w=350&h=254
Iman Shumpert,http://a.espncdn.com/combiner/i?img=/i/headshots/nba/players/full/6468.png&w=350&h=254
Klay Thompson,http://a.espncdn.com/combiner/i?img=/i/headshots/nba/players/full/6475.png&w=350&h=254
Nikola Vucevic,http://a.espncdn.com/combiner/i?img=/i/headshots/nba/players/full/6478.png&w=350&h=254
Harrison Barnes,http://a.espncdn.com/combiner/i?img=/i/headshots/nba/players/full/6578.png&w=350&h=254
Jae Crowder,http://a.espncdn.com/combiner/i?img=/i/headshots/nba/players/full/6581.png&w=350&h=254
Evan Fournier,http://a.espncdn.com/combiner/i?img=/i/headshots/nba/players/full/6588.png&w=350&h=254
Justin Hamilton,http://a.espncdn.com/combiner/i?img=/i/headshots/nba/players/full/6590.png&w=350&h=254
John Henson,http://a.espncdn.com/combiner/i?img=/i/headshots/nba/players/full/6592.png&w=350&h=254
Terrence Jones,http://a.espncdn.com/combiner/i?img=/i/headshots/nba/players/full/6597.png&w=350&h=254
Michael Kidd-Gilchrist,http://a.espncdn.com/combiner/i?img=/i/headshots/nba/players/full/6601.png&w=350&h=254
Meyers Leonard,http://a.espncdn.com/combiner/i?img=/i/headshots/nba/players/full/6605.png&w=350&h=254
Kyle O'Quinn,http://a.espncdn.com/combiner/i?img=/i/headshots/nba/players/full/6615.png&w=350&h=254
Austin Rivers,http://a.espncdn.com/combiner/i?img=/i/headshots/nba/players/full/6617.png&w=350&h=254
Terrence Ross,http://a.espncdn.com/combiner/i?img=/i/headshots/nba/players/full/6619.png&w=350&h=254
Kent Bazemore,http://a.espncdn.com/combiner/i?img=/i/headshots/nba/players/full/6637.png&w=350&h=254
Jason Terry,http://a.espncdn.com/combiner/i?img=/i/headshots/nba/players/full/841.png&w=350&h=254
Tyson Chandler,http://a.espncdn.com/combiner/i?img=/i/headshots/nba/players/full/984.png&w=350&h=254
Willy Hernangomez,http://www.clker.com/cliparts/d/L/P/X/z/i/no-image-icon-md.png
Brandon Ingram,http://a.espncdn.com/combiner/i?img=/i/headshots/nba/players/full/3913176.png&w=350&h=254
D'Angelo Russell,http://a.espncdn.com/combiner/i?img=/i/headshots/nba/players/full/3136776.png&w=350&h=254
Jordan Clarkson,http://a.espncdn.com/combiner/i?img=/i/headshots/nba/players/full/2528426.png&w=350&h=254
Julius Randle,http://a.espncdn.com/combiner/i?img=/i/headshots/nba/players/full/3064514.png&w=350&h=254
Luol Deng,http://a.espncdn.com/combiner/i?img=/i/headshots/nba/players/full/2429.png&w=350&h=254
Nick Young,http://a.espncdn.com/combiner/i?img=/i/headshots/nba/players/full/3243.png&w=350&h=254
Tarik Black,http://a.espncdn.com/combiner/i?img=/i/headshots/nba/players/full/2528393.png&w=350&h=254
Timofey Mozgov,http://a.espncdn.com/combiner/i?img=/i/headshots/nba/players/full/4298.png&w=350&h=254
Dario Saric,http://a.espncdn.com/combiner/i?img=/i/headshots/nba/players/full/3032978.png&w=350&h=254
Gerald Henderson,http://a.espncdn.com/combiner/i?img=/i/headshots/nba/players/full/3993.png&w=350&h=254
Nik Stauskas,http://a.espncdn.com/combiner/i?img=/i/headshots/nba/players/full/2991042.png&w=350&h=254
Robert Covington,http://a.espncdn.com/combiner/i?img=/i/headshots/nba/players/full/2490620.png&w=350&h=254
Sergio Rodriguez,http://a.espncdn.com/combiner/i?img=/i/headshots/nba/players/full/3025.png&w=350&h=254
Ersan Ilyasova,http://a.espncdn.com/combiner/i?img=/i/headshots/nba/players/full/2767.png&w=350&h=254
Jerami Grant,http://a.espncdn.com/combiner/i?img=/i/headshots/nba/players/full/2991070.png&w=350&h=254